,area,perimeter,compactness
0,2.0,14.485281229019165,104.91168614188749
